Feature,Importance,Std_Dev,Percentage
RandomNoise_1,0.9417431672592245,0.012827998333097333,94.17431672592245
RandomNoise_2,0.034422609181660645,0.012416210437415724,3.4422609181660646
RandomNoise_3,0.023834223559115183,0.006442982950733751,2.3834223559115184
