target_threshold,sharpe_ratio,total_pnl,hit_rate,edge,total_trades,trading_frequency,runtime
0.0,0.24208009616931858,75.37595,0.5776110790536642,0.018868853759953064,1733,0.5988251554941257,5.90921688079834
0.06,0.28777747519066404,71.82145,0.5673624288425048,0.0438655387250203,1054,0.364201796821009,6.2627854347229
0.12,0.18457163312547967,37.22344,0.5445736434108527,0.04906569593331295,516,0.17829993089149965,6.321439027786255
0.18,0.004705051159029129,0.3032200000000008,0.49056603773584906,0.026502457915531186,53,0.018313752591568762,6.302336692810059
0.24,0.0,0.0,0.0,-0.43192812715964063,0,0.0,6.322365999221802
0.3,0.0,0.0,0.0,-0.391845196959226,0,0.0,6.366480588912964
