total_time,ma_time,signal_time,backtest_time,results_time,combinations,rate_per_second,bars_processed
34.1507728099823,7.492560625076294,6.078445911407471,20.577364206314087,0.0015311241149902344,25,0.7320478555229789,6522902
