total_time,ma_time,signal_time,backtest_time,results_time,combinations,rate_per_second,bars_processed
34.28507876396179,12.326587438583374,2.408677101135254,15.961682081222534,3.582892894744873,25,0.7291801827878064,6522902
